Category,Product,SKU,Stock,Price,Status,Size
Wallet,Chocolate Bifold Wallet,109-0102-074,9.0,699.0,Instock,
Wallet,Green Bifold Wallet,109-0102-073,7.0,699.0,Instock,
Wallet,Black Bifold Wallet,109-0102-072,10.0,699.0,Instock,
Wallet,Green Leather Long Wallet,109-0101-048,3.0,1299.0,Instock,
Belt,Black Premium Leather Belt,109-0402-058,7.0,950.0,Instock,
Belt,Chocolate Premium Leather Belt,109-0402-057,7.0,950.0,Instock,
Belt,Chocolate Premium Leather Belt,109-0402-054,7.0,950.0,Instock,
Belt,Chocolate Premium Leather Belt,109-0402-051,7.0,990.0,Instock,
Belt,Chocolate Premium Leather Belt,109-0402-050,1.0,990.0,Instock,
Belt,Chocolate Premium Leather Belt,109-0402-046,3.0,950.0,Instock,
Leather Bag,Compact Genuine Leather Card Holder,109-0104-002,6.0,590.0,Instock,
Leather Bag,Compact Genuine Leather Card Holder,109-0104-003,3.0,590.0,Instock,
Leather Bag,Compact Genuine Leather Card Holder,109-0104-004,3.0,590.0,Instock,
Leather Bag,Compact Genuine Leather Card Holder,109-0104-006,6.0,690.0,Instock,
Leather Bag,Compact Genuine Leather Card Holder,109-0104-005,6.0,690.0,Instock,
Wallet,Black Leather Long Zipper Wallet,109-0101-052,4.0,1349.0,Instock,
Wallet,Chocolate Leather Long Zipper Wallet,109-0101-051,6.0,1349.0,Instock,
Wallet,Chocolate Leather Long Wallet,109-0101-050,4.0,1299.0,Instock,
Wallet,Black Leather Long Wallet,109-0101-049,5.0,1299.0,Instock,
Wallet,Black Bifold Wallet,109-0102-071,9.0,750.0,Instock,
Wallet,Chocolate Bifold Wallet,109-0102-070,9.0,750.0,Instock,
Wallet,Chocolate Bifold Leather Wallet,109-0102-069,5.0,850.0,Instock,
Wallet,Brown Bifold Leather Wallet,109-0102-064,9.0,950.0,Instock,
Wallet,Black Bifold Leather Wallet,109-0102-063,8.0,950.0,Instock,
Belt,Black Premium Leather Belt,109-0402-061,5.0,990.0,Instock,
Belt,Chocolate Premium Leather Belt,109-0402-060,1.0,990.0,Instock,
Belt,Mocha Premium Leather Belt,109-0402-056,5.0,950.0,Instock,
Belt,Mocha Premium Leather Belt,109-0402-055,3.0,950.0,Instock,
Belt,Chocolate Premium Leather Belt,109-0402-052,1.0,990.0,Instock,
Belt,Black Premium Leather Belt,109-0402-049,2.0,990.0,Instock,
Belt,Black Premium Leather Belt,109-0402-048,5.0,990.0,Instock,
Leather Bag,Executive Brown Leather Card Holder,109-0104-001,6.0,590.0,Instock,
Belt,Brown Premium Leather Belt,109-0402-047,4.0,950.0,Instock,
Belt,Brown Premium Leather Belt,109-0402-045,3.0,950.0,Instock,
Belt,Brown Premium Leather Belt,109-0402-044,7.0,990.0,Instock,
Belt,Brown Premium Leather Belt,109-0402-043,5.0,990.0,Instock,
Belt,Brown Premium Leather Belt,109-0402-042,1.0,990.0,Instock,
Belt,Black Genuine Leather Belt,109-0402-041,7.0,950.0,Instock,
Belt,Black Genuine Leather Belt,109-0402-040,3.0,950.0,Instock,
Belt,Black Genuine Leather Belt,109-0402-038,2.0,950.0,Instock,
Belt,Black Premium Leather Belt,109-0402-037,10.0,990.0,Instock,
Belt,Black Premium Leather Belt,109-0402-036,8.0,990.0,Instock,
Belt,Black Premium Leather Belt,109-0402-035,5.0,990.0,Instock,
Bundles,Tradition Meets Denim Bundle,JP-03-02,0.0,0.0,Instock,
Bundles,Heritage Style Bundle,JP-03-01,0.0,0.0,Instock,
Others,Double Denim Combo,TJB-03-4,0.0,0.0,Instock,
Others,Denim & Drop Combo,TJB-03-3,0.0,0.0,Instock,
Others,Casual Essentials Combo,TJB-03-02,0.0,0.0,Instock,
T-Shirt,Denim & Tee Power Pack,TJB-03-01,0.0,0.0,Instock,
Wallet,Choco Coinpocket Bifold Leather Wallet,109-0102-067,7.0,950.0,Instock,
Wallet,Sage Bifold Leather Wallet,109-0102-066,6.0,850.0,Instock,
Wallet,Plain Choco Bifold Leather Wallet,109-0102-065,5.0,850.0,Instock,
Wallet,Burgendy Leather Long Wallet,109-0101-045,4.0,1299.0,Instock,
Wallet,Black Leather Long Wallet,109-0101-046,4.0,1299.0,Instock,
Wallet,Plain Choco Leather Long Wallet,109-0101-047,4.0,1299.0,Instock,
Wallet,Gritty Black Multi-Chamber Bifold Wallet,109-0102-062,4.0,750.0,Instock,
Wallet,Gritty Brown Multi-Chamber Bifold Wallet,109-0102-061,3.0,750.0,Instock,
Wallet,Sage Multi-Chamber Bifold Wallet,109-0102-060,3.0,950.0,Instock,
Wallet,Rust Multi-Chamber Bifold Wallet,109-0102-059,3.0,950.0,Instock,
Wallet,Black Multi-Chamber Bifold Wallet,109-0102-058,2.0,950.0,Instock,
Wallet,Black Coinpocket Bifold Leather Wallet,109-0102-055,5.0,950.0,Instock,
Wallet,Polished Choco Bifold Leather Wallet,109-0102-053,5.0,900.0,Instock,
Wallet,Polished Black Bifold Leather Wallet,109-0102-052,4.0,900.0,Instock,
Wallet,Plain Brown Bifold Leather Wallet,109-0102-049,2.0,850.0,Instock,
Wallet,Burgendy Bifold Leather Wallet,109-0102-048,3.0,850.0,Instock,
Wallet,Plain Black Bifold Leather Wallet,109-0102-047,1.0,850.0,Instock,
T-Shirt,Choose Any 5 T-Shirts,TB-05-1,0.0,0.0,Instock,
T-Shirt,Choose Any 3 T-Shirts,TB-03-1,0.0,0.0,Instock,
T-Shirt,Choose Any 2 T-Shirts,TB-02-001,0.0,0.0,Instock,
Sweatshirt,Sweatshirt Trio,CB-110-108-13,0.0,0.0,Outofstock,
Sweatshirt,Sweatshirt Duo,CB-110-108-12,0.0,0.0,Outofstock,
Others,Off-White Sweat Combo,CB-110-108-01,0.0,0.0,Outofstock,
Others,Sweat Combo,CB-110-108-09,0.0,0.0,Outofstock,
Others,Maroon Sweat Combo,CB-110-108-06,0.0,0.0,Outofstock,
Others,Brown Sweat Combo,CB-110-108-05,0.0,0.0,Outofstock,
Others,Green Sweat Combo,CB-110-108-04,0.0,0.0,Outofstock,
Others,Sky Blue Sweat Combo,CB-110-108-03,0.0,0.0,Outofstock,
Others,Teal Sweat Combo,CB-110-108-08,0.0,0.0,Outofstock,
Others,Choco Sweat Combo,CB-110-108-07,0.0,0.0,Outofstock,
Belt,Black Leather Gear Belt,109-0401-143,0.0,1099.0,Outofstock,
Belt,Reversible Leather Belt with Moving Buckle,109-0403-009,0.0,999.0,Outofstock,
Wallet,Indigo Navy Trifold Genuine Leather Wallet,109-0103-017,1.0,880.0,Instock,
Wallet,Chocolate Leather Long Wallet,109-0101-036,1.0,1299.0,Instock,
Wallet,Auburn Luxe Trifold Leather Wallet,109-0103-008,2.0,880.0,Instock,
Wallet,DEEN Bifold Leather Wallet,109-0102-029,0.0,799.0,Outofstock,
Leather Bag,Black Finish Leather Passport Holder,109-0303-001,1.0,799.0,Instock,
Wallet,Pebble Grain Leather Bi-fold Wallet,109-0102-039,0.0,799.0,Outofstock,
Belt,Reversible Leather Belt with Moving Buckle,109-0403-007,0.0,999.0,Outofstock,
Belt,Reversible Leather Belt with Moving Buckle,109-0403-005,0.0,999.0,Outofstock,
Leather Bag,Choco Leather Passport Holder,109-0303-005,4.0,880.0,Instock,
Belt,Black Premium Leather Belt,109-0401-185,0.0,949.0,Outofstock,
Belt,Black Leather Gear Belt,109-0401-179,0.0,1099.0,Outofstock,
Wallet,DEEN Bifold Leather Wallet,109-0102-031,0.0,799.0,Outofstock,
Wallet,DEEN Genuine Leather Long Wallet,109-0101-002,0.0,1149.0,Outofstock,
Leather Bag,Croco Dual Black  Executive Leather Bag,109-0301-018,0.0,4599.0,Outofstock,
Belt,Black Premium Leather Belt,109-0402-009,0.0,990.0,Outofstock,
Belt,Chocolate Premium Leather Belt,109-0402-015,0.0,990.0,Outofstock,
Belt,Chocolate Premium Leather Belt,109-0402-017,2.0,990.0,Instock,
Belt,Chocolate Premium Leather Belt,109-0402-020,0.0,990.0,Outofstock,
Belt,Chocolate Premium Leather Belt,109-0402-027,0.0,990.0,Outofstock,
Belt,Chocolate Premium Leather Belt,109-0402-028,0.0,990.0,Outofstock,
Belt,Reversible Leather Belt with Moving Buckle,109-0403-003,0.0,999.0,Outofstock,
Belt,Reversible Leather Belt with Moving Buckle,109-0403-006,0.0,999.0,Outofstock,
Belt,Chocolate Premium Leather Belt,109-0402-0018,1.0,990.0,Instock,
Belt,Chocolate Premium Leather Belt,109-0402-0013,1.0,990.0,Instock,
Belt,Black Premium Leather Belt,109-0402-006,0.0,990.0,Outofstock,
Belt,Chocolate Premium Leather Belt,109-0402-003,2.0,990.0,Instock,
Belt,Chocolate Premium Leather Belt,109-0402-002,1.0,990.0,Instock,
Belt,Black Leather Gear Belt,109-0401-159,0.0,1090.0,Outofstock,
Belt,Black Leather Gear Belt,109-0401-146,0.0,1090.0,Outofstock,
Belt,Black Leather Gear Belt,109-0401-133,0.0,1090.0,Outofstock,
Belt,Chocolate Leather Gear Belt,109-0401-125,0.0,1090.0,Outofstock,
Belt,Chocolate Leather Gear Belt,109-0401-120,0.0,1090.0,Outofstock,
Belt,Black Premium Leather Belt,109-0402-023,0.0,990.0,Outofstock,
Belt,Black Premium Leather Belt,109-0402-007,2.0,990.0,Instock,
Belt,Chocolate Premium Leather Belt,109-0402-022,1.0,990.0,Instock,
Belt,Chocolate Premium Leather Belt,109-0402-012,1.0,990.0,Instock,
Belt,Chocolate Premium Leather Belt,109-0402-021,1.0,990.0,Instock,
Belt,Black Premium Leather Belt,109-0402-011,0.0,990.0,Outofstock,
Belt,Reversible Leather Belt with Moving Buckle,109-0403-004,0.0,999.0,Outofstock,
Belt,Reversible Leather Belt with Moving Buckle,109-0403-001,0.0,999.0,Outofstock,
Wallet,Black Concealed Croco Leather Long Wallet,109-0101-041,0.0,1299.0,Outofstock,
Wallet,Muted Chocolate Leather Long Wallet,109-0101-039,0.0,1299.0,Outofstock,
Wallet,Fence Patterned Leather Long Wallet,109-0101-038,0.0,1249.0,Outofstock,
Belt,Black Leather Gear Belt,109-0401-152,0.0,1090.0,Outofstock,
Belt,Chocolate Leather Gear Belt,109-0401-127,0.0,1090.0,Outofstock,
Belt,Chocolate Leather Gear Belt,109-0401-124,1.0,1090.0,Instock,
Leather Bag,Sleek Maroon Executive Leather Bag,109-0301-019,0.0,4599.0,Outofstock,
Leather Bag,Dual Textured Executive Leather Bag,109-0301-016,2.0,4599.0,Instock,
Leather Bag,Croco Black Executive Leather Bag,109-0301-010,1.0,4199.0,Instock,
Leather Bag,Matte Maroon Executive Leather Bag,109-0301-011,1.0,4199.0,Instock,
Leather Bag,Navy Blue Leather Passport Holder,109-0303-004,4.0,880.0,Instock,
Leather Bag,Choco Defined Leather Passport Holder,109-0303-002,1.0,880.0,Instock,
Leather Bag,Classic Maroon Executive Leather Bag,109-0301-015,3.0,4199.0,Instock,
Leather Bag,Black Finish Executive Leather Bag,109-0301-014,2.0,4199.0,Instock,
Wallet,Plain Black Trifold Genuine Leather Wallet,109-0103-016,0.0,880.0,Outofstock,
Wallet,Muted Chocolate Leather Long Wallet,109-0101-034,0.0,1149.0,Outofstock,
Leather Bag,Matte Black Executive Leather Bag,109-0301-012,0.0,4199.0,Outofstock,
Wallet,Crocodile Rustic Leather Coin Pocket Long Wallet,109-0101-027,1.0,1249.0,Instock,
Wallet,Crocodile Black Leather Coin Pocket Long Wallet,109-0101-025,1.0,1249.0,Instock,
Wallet,Rustic Classic Leather Coin Pocket Long Wallet,109-0101-043,0.0,1299.0,Outofstock,
Wallet,Black Leather Coin Pocket Long Wallet,109-0101-037,1.0,1299.0,Instock,
Wallet,Croco Pattern Leather Long Wallet,109-0101-030,0.0,1149.0,Outofstock,
Wallet,Brown Zipper Pocket Leather Long Wallet,109-0101-029,0.0,1249.0,Outofstock,
Wallet,Chocolate Coin Pocket Leather Long Wallet,109-0101-028,0.0,1299.0,Outofstock,
Wallet,Croco pattern Leather Long Wallet,109-0101-022,1.0,1299.0,Instock,
Wallet,Dual Drift Brown Leather Long Wallet,109-0101-021,1.0,1299.0,Instock,
Wallet,Brick Toned Leather Trifold Wallet,109-0103-012,1.0,880.0,Instock,
Wallet,Black Perforated Leather Trifold Wallet,109-0103-010,2.0,880.0,Instock,
Wallet,Dual Drift Brown Leather Long Wallet,109-0101-018,0.0,1299.0,Outofstock,
Wallet,Croco pattern Leather Long Wallet,109-0101-017,0.0,1299.0,Outofstock,
Wallet,Reddish-brown Crest Leather Long Wallet,109-0101-016,0.0,1149.0,Outofstock,
Wallet,Dual Drift Black Leather Long Wallet,109-0101-015,0.0,1249.0,Outofstock,
Wallet,Indigo Ridge Leather Long Wallet,109-0101-014,0.0,1149.0,Outofstock,
Wallet,Dual Drift Leather Long Wallet,109-0101-013,0.0,1299.0,Outofstock,
Wallet,Muted Maroon Leather Long Wallet,109-0101-012,0.0,1149.0,Outofstock,
Wallet,Rustic Classic Leather Long Wallet,109-0101-011,1.0,1149.0,Instock,
Wallet,Steel River Leather Long Wallet,109-0101-010,0.0,1149.0,Outofstock,
Wallet,Crocodile Embossed Leather Long Wallet,109-0101-024,3.0,1149.0,Instock,
Wallet,Crocodile Texture Leather Long Wallet,109-0101-026,1.0,1249.0,Instock,
Wallet,DEEN Trifold Genuine Leather Wallet,109-0103-001,8.0,849.0,Instock,
Wallet,DEEN Bifold Leather Wallet,109-0102-027,0.0,799.0,Outofstock,
Wallet,DEEN Trifold Genuine Leather Wallet,109-0103-003,9.0,849.0,Instock,
Wallet,DEEN Trifold Genuine Leather Wallet,109-0103-002,2.0,849.0,Instock,
Wallet,DEEN Trifold Genuine Leather Wallet,109-0103-004,6.0,849.0,Instock,
Wallet,DEEN Genuine Leather Wallet,109-0102-017,0.0,799.0,Outofstock,
Belt,Black Leather Moving Belt,109-0401-176,0.0,999.0,Outofstock,
Wallet,DEEN Trifold Genuine Leather Wallet,109-0103-006,9.0,849.0,Instock,
Mask,Breathable Face Mask,109-0502-001,316.0,280.0,Instock,
Wallet,DEEN Genuine Leather Long Wallet,109-0101-006,1.0,1299.0,Instock,
Wallet,DEEN Genuine Leather Long Wallet,109-0101-005,2.0,1299.0,Instock,
Wallet,DEEN Genuine Leather Long Wallet,109-0101-009,0.0,1299.0,Outofstock,
Water Bottle,Durable Aluminum Water Bottle 600 ml.,109-0501-001,84.0,399.0,Instock,
T-Shirt,City Code Print Drop Shoulder T-Shirt - 3XL,105-0301-006,1.0,840.0,Instock,3XL
T-Shirt,City Code Print Drop Shoulder T-Shirt - 2XL,105-0301-006,1.0,840.0,Instock,2XL
T-Shirt,City Code Print Drop Shoulder T-Shirt - XL,105-0301-006,5.0,840.0,Instock,XL
T-Shirt,City Code Print Drop Shoulder T-Shirt - L,105-0301-006,5.0,840.0,Instock,L
T-Shirt,City Code Print Drop Shoulder T-Shirt - M,105-0301-006,0.0,840.0,Outofstock,M
T-Shirt,Forest Claw Graphic Drop Shoulder T-Shirt - 3XL,105-0301-007,0.0,790.0,Outofstock,3XL
T-Shirt,Forest Claw Graphic Drop Shoulder T-Shirt - 2XL,105-0301-007,5.0,790.0,Instock,2XL
T-Shirt,Forest Claw Graphic Drop Shoulder T-Shirt - XL,105-0301-007,6.0,790.0,Instock,XL
T-Shirt,Forest Claw Graphic Drop Shoulder T-Shirt - L,105-0301-007,22.0,790.0,Instock,L
T-Shirt,Forest Claw Graphic Drop Shoulder T-Shirt - M,105-0301-007,12.0,790.0,Instock,M
Panjabi,Olive Semi Formal Panjabi - 46,106-0101-104,1.0,2190.0,Instock,46
Panjabi,Olive Semi Formal Panjabi - 44,106-0101-104,2.0,2190.0,Instock,44
Panjabi,Olive Semi Formal Panjabi - 42,106-0101-104,1.0,2190.0,Instock,42
Panjabi,Olive Semi Formal Panjabi - 40,106-0101-104,4.0,2190.0,Instock,40
Panjabi,Olive Semi Formal Panjabi - 38,106-0101-104,1.0,2190.0,Instock,38
T-Shirt,Blue Raven Drop Shoulder T-Shirt - 3XL,105-0301-004,0.0,840.0,Outofstock,3XL
T-Shirt,Blue Raven Drop Shoulder T-Shirt - 2XL,105-0301-004,0.0,840.0,Outofstock,2XL
T-Shirt,Blue Raven Drop Shoulder T-Shirt - XL,105-0301-004,3.0,840.0,Instock,XL
T-Shirt,Blue Raven Drop Shoulder T-Shirt - L,105-0301-004,5.0,840.0,Instock,L
T-Shirt,Blue Raven Drop Shoulder T-Shirt - M,105-0301-004,1.0,840.0,Instock,M
T-Shirt,Glacier Relaxed Graphic Tank Top - 3XL,105-0401-002,0.0,540.0,Outofstock,3XL
T-Shirt,Glacier Relaxed Graphic Tank Top - 2XL,105-0401-002,0.0,540.0,Outofstock,2XL
T-Shirt,Glacier Relaxed Graphic Tank Top - XL,105-0401-002,4.0,540.0,Instock,XL
T-Shirt,Glacier Relaxed Graphic Tank Top - L,105-0401-002,12.0,540.0,Instock,L
T-Shirt,Glacier Relaxed Graphic Tank Top - M,105-0401-002,1.0,540.0,Instock,M
T-Shirt,Orlando Relaxed Graphic Tank Top - 3XL,105-0401-004,5.0,640.0,Instock,3XL
T-Shirt,Orlando Relaxed Graphic Tank Top - 2XL,105-0401-004,12.0,640.0,Instock,2XL
T-Shirt,Orlando Relaxed Graphic Tank Top - XL,105-0401-004,14.0,640.0,Instock,XL
T-Shirt,Orlando Relaxed Graphic Tank Top - L,105-0401-004,24.0,640.0,Instock,L
T-Shirt,Orlando Relaxed Graphic Tank Top - M,105-0401-004,12.0,640.0,Instock,M
T-Shirt,Aqua Wave Print Drop Shoulder T-Shirt - 3XL,105-0301-002,0.0,790.0,Outofstock,3XL
T-Shirt,Aqua Wave Print Drop Shoulder T-Shirt - 2XL,105-0301-002,0.0,790.0,Outofstock,2XL
T-Shirt,Aqua Wave Print Drop Shoulder T-Shirt - XL,105-0301-002,0.0,790.0,Outofstock,XL
T-Shirt,Aqua Wave Print Drop Shoulder T-Shirt - L,105-0301-002,5.0,790.0,Instock,L
T-Shirt,Aqua Wave Print Drop Shoulder T-Shirt - M,105-0301-002,0.0,790.0,Outofstock,M
T-Shirt,Gravity Relaxed Graphic Tank Top - 3XL,105-0401-009,3.0,590.0,Instock,3XL
T-Shirt,Gravity Relaxed Graphic Tank Top - 2XL,105-0401-009,2.0,590.0,Instock,2XL
T-Shirt,Gravity Relaxed Graphic Tank Top - XL,105-0401-009,8.0,590.0,Instock,XL
T-Shirt,Gravity Relaxed Graphic Tank Top - L,105-0401-009,29.0,590.0,Instock,L
T-Shirt,Gravity Relaxed Graphic Tank Top - M,105-0401-009,9.0,590.0,Instock,M
T-Shirt,Burgundy Relaxed Graphic Tank Top - 3XL,105-0401-006,0.0,540.0,Outofstock,3XL
T-Shirt,Burgundy Relaxed Graphic Tank Top - 2XL,105-0401-006,0.0,540.0,Outofstock,2XL
T-Shirt,Burgundy Relaxed Graphic Tank Top - XL,105-0401-006,9.0,540.0,Instock,XL
T-Shirt,Burgundy Relaxed Graphic Tank Top - L,105-0401-006,24.0,540.0,Instock,L
T-Shirt,Burgundy Relaxed Graphic Tank Top - M,105-0401-006,10.0,540.0,Instock,M
Jeans,High-End Whisker Faded Jeans - Regular Fit - 38,101-0200-151,28.0,2490.0,Instock,38
Jeans,High-End Whisker Faded Jeans - Regular Fit - 36,101-0200-151,38.0,2490.0,Instock,36
Jeans,High-End Whisker Faded Jeans - Regular Fit - 34,101-0200-151,116.0,2490.0,Instock,34
Jeans,High-End Whisker Faded Jeans - Regular Fit - 32,101-0200-151,126.0,2490.0,Instock,32
Jeans,High-End Whisker Faded Jeans - Regular Fit - 30,101-0200-151,1.0,2490.0,Instock,30
T-Shirt,Golden Corn T-shirt - 3XL,105-0101-374,6.0,590.0,Instock,3XL
T-Shirt,Golden Corn T-shirt - 2XL,105-0101-374,6.0,590.0,Instock,2XL
T-Shirt,Golden Corn T-shirt - XL,105-0101-374,11.0,590.0,Instock,XL
T-Shirt,Golden Corn T-shirt - L,105-0101-374,13.0,590.0,Instock,L
T-Shirt,Golden Corn T-shirt - M,105-0101-374,6.0,590.0,Instock,M
Jeans,High-End Vintage Wash Jeans - Regular Fit - 38,101-0200-149,17.0,2590.0,Instock,38
Jeans,High-End Vintage Wash Jeans - Regular Fit - 36,101-0200-149,37.0,2590.0,Instock,36
Jeans,High-End Vintage Wash Jeans - Regular Fit - 34,101-0200-149,120.0,2590.0,Instock,34
Jeans,High-End Vintage Wash Jeans - Regular Fit - 32,101-0200-149,92.0,2590.0,Instock,32
Jeans,High-End Vintage Wash Jeans - Regular Fit - 30,101-0200-149,0.0,2590.0,Outofstock,30
T-Shirt,Rust Bloom T-shirt - 3XL,105-0101-373,1.0,640.0,Instock,3XL
T-Shirt,Rust Bloom T-shirt - 2XL,105-0101-373,0.0,640.0,Outofstock,2XL
T-Shirt,Rust Bloom T-shirt - XL,105-0101-373,0.0,640.0,Outofstock,XL
T-Shirt,Rust Bloom T-shirt - L,105-0101-373,2.0,640.0,Instock,L
T-Shirt,Rust Bloom T-shirt - M,105-0101-373,1.0,640.0,Instock,M
Boxer,Navy Boxer Brief - 2XL,107-0100-052,0.0,296.65,Outofstock,2XL
Boxer,Navy Boxer Brief - XL,107-0100-052,0.0,296.65,Outofstock,XL
Boxer,Navy Boxer Brief - L,107-0100-052,0.0,296.65,Outofstock,L
Boxer,Navy Boxer Brief - M,107-0100-052,46.0,296.65,Instock,M
Polo Shirt,Premium Green Polo Shirt - 3XL,103-0200-116,0.0,848.3,Outofstock,3XL
Polo Shirt,Premium Green Polo Shirt - 2XL,103-0200-116,1.0,848.3,Instock,2XL
Polo Shirt,Premium Green Polo Shirt - XL,103-0200-116,0.0,848.3,Outofstock,XL
Polo Shirt,Premium Green Polo Shirt - L,103-0200-116,0.0,848.3,Outofstock,L
Polo Shirt,Premium Green Polo Shirt - M,103-0200-116,0.0,848.3,Outofstock,M
T-Shirt,Warm Spice T-shirt - 3XL,105-0101-377,1.0,590.0,Instock,3XL
T-Shirt,Warm Spice T-shirt - 2XL,105-0101-377,2.0,590.0,Instock,2XL
T-Shirt,Warm Spice T-shirt - XL,105-0101-377,4.0,590.0,Instock,XL
T-Shirt,Warm Spice T-shirt - L,105-0101-377,12.0,590.0,Instock,L
T-Shirt,Warm Spice T-shirt - M,105-0101-377,1.0,590.0,Instock,M
Boxer,Cool Aqua Boxer Brief - 2XL,107-0100-051,39.0,296.65,Instock,2XL
Boxer,Cool Aqua Boxer Brief - XL,107-0100-051,62.0,296.65,Instock,XL
Boxer,Cool Aqua Boxer Brief - L,107-0100-051,24.0,296.65,Instock,L
Boxer,Cool Aqua Boxer Brief - M,107-0100-051,12.0,296.65,Instock,M
HS Shirt,Charcoal Contrast Stitch Shirt - Regular Fit - 3XL,102-0102-040,0.0,898.0,Outofstock,3XL
HS Shirt,Charcoal Contrast Stitch Shirt - Regular Fit - 2XL,102-0102-040,2.0,898.0,Instock,2XL
HS Shirt,Charcoal Contrast Stitch Shirt - Regular Fit - XL,102-0102-040,0.0,898.0,Outofstock,XL
HS Shirt,Charcoal Contrast Stitch Shirt - Regular Fit - L,102-0102-040,4.0,898.0,Instock,L
HS Shirt,Charcoal Contrast Stitch Shirt - Regular Fit - M,102-0102-040,2.0,898.0,Instock,M
T-Shirt,Deep Harbor T-shirt - 3XL,105-0101-372,6.0,640.0,Instock,3XL
T-Shirt,Deep Harbor T-shirt - 2XL,105-0101-372,0.0,640.0,Outofstock,2XL
T-Shirt,Deep Harbor T-shirt - XL,105-0101-372,11.0,640.0,Instock,XL
T-Shirt,Deep Harbor T-shirt - L,105-0101-372,4.0,640.0,Instock,L
T-Shirt,Deep Harbor T-shirt - M,105-0101-372,0.0,640.0,Outofstock,M
